{"id":"d1aee4c8-a0a7-4f07-bbc7-cd9f74f74f94","alias":"CarouselWebpartWebPart","componentType":"WebPart","version":"0.0.1","manifestVersion":2,"requiresCustomScript":false,"supportedHosts":["SharePointWebPart"],"preconfiguredEntries":[{"groupId":"5c03119e-3074-46fd-976b-c60198311f70","group":{"default":"Other"},"title":{"default":"CarouselWebpart"},"description":{"default":"CarouselWebpart description"},"officeFabricIconFontName":"Page","properties":{"description":""}}],"loaderConfig":{"entryModuleId":"carousel-webpart-web-part","internalModuleBaseUrls":["https://curiousak.sharepoint.com/DemoSite/Shared%20Documents/ImageCDNDocs/"],"scriptResources":{"carousel-webpart-web-part":{"type":"path","path":"carousel-webpart-web-part_5c9f8b032931943af2cb691527f2af61.js"},"ControlStrings":{"defaultPath":"carouselsolution-controlstrings_en-us_0b10329b18350155d534458be0fe197a.js","type":"localizedPath","paths":{"eu-ES":"carouselsolution-controlstrings_eu-es_511321cb9b07e1ffa35c0ea620681a6b.js","en-US":"carouselsolution-controlstrings_en-us_0b10329b18350155d534458be0fe197a.js","bn":"carouselsolution-controlstrings_en-us_0b10329b18350155d534458be0fe197a.js","chr":"carouselsolution-controlstrings_en-us_0b10329b18350155d534458be0fe197a.js","dv":"carouselsolution-controlstrings_en-us_0b10329b18350155d534458be0fe197a.js","div":"carouselsolution-controlstrings_en-us_0b10329b18350155d534458be0fe197a.js","en":"carouselsolution-controlstrings_en-us_0b10329b18350155d534458be0fe197a.js","fil":"carouselsolution-controlstrings_en-us_0b10329b18350155d534458be0fe197a.js","haw":"carouselsolution-controlstrings_en-us_0b10329b18350155d534458be0fe197a.js","iu":"carouselsolution-controlstrings_en-us_0b10329b18350155d534458be0fe197a.js","lo":"carouselsolution-controlstrings_en-us_0b10329b18350155d534458be0fe197a.js","moh":"carouselsolution-controlstrings_en-us_0b10329b18350155d534458be0fe197a.js","da-DK":"carouselsolution-controlstrings_da-dk_f39cfb7a80dad747f369923d11195f82.js","fo":"carouselsolution-controlstrings_da-dk_f39cfb7a80dad747f369923d11195f82.js","kl":"carouselsolution-controlstrings_da-dk_f39cfb7a80dad747f369923d11195f82.js","bg-BG":"carouselsolution-controlstrings_bg-bg_fa0f6836fe7f7ee3bf29073b276d1531.js","fi-FI":"carouselsolution-controlstrings_fi-fi_946fd07a32274613ef329327c39c724c.js","sms":"carouselsolution-controlstrings_fi-fi_946fd07a32274613ef329327c39c724c.js","se-FI":"carouselsolution-controlstrings_fi-fi_946fd07a32274613ef329327c39c724c.js","se-Latn-FI":"carouselsolution-controlstrings_fi-fi_946fd07a32274613ef329327c39c724c.js","de-DE":"carouselsolution-controlstrings_de-de_326acd973333ba8b7409194e7449d004.js","de":"carouselsolution-controlstrings_de-de_326acd973333ba8b7409194e7449d004.js","dsb":"carouselsolution-controlstrings_de-de_326acd973333ba8b7409194e7449d004.js","rm":"carouselsolution-controlstrings_de-de_326acd973333ba8b7409194e7449d004.js","hsb":"carouselsolution-controlstrings_de-de_326acd973333ba8b7409194e7449d004.js","es-ES":"carouselsolution-controlstrings_es-es_1378d5881e22b58f8b42c60e700b425c.js","gn":"carouselsolution-controlstrings_es-es_1378d5881e22b58f8b42c60e700b425c.js","quz":"carouselsolution-controlstrings_es-es_1378d5881e22b58f8b42c60e700b425c.js","es":"carouselsolution-controlstrings_es-es_1378d5881e22b58f8b42c60e700b425c.js","ca-ES-valencia":"carouselsolution-controlstrings_es-es_1378d5881e22b58f8b42c60e700b425c.js","et-EE":"carouselsolution-controlstrings_et-ee_32b1b8ffcdeda837d4cc8b21a2ed55e9.js","it-IT":"carouselsolution-controlstrings_it-it_0b183d5e25be0f26f1fbe141fc73b6d4.js","it":"carouselsolution-controlstrings_it-it_0b183d5e25be0f26f1fbe141fc73b6d4.js","fr-FR":"carouselsolution-controlstrings_fr-fr_14c4c0a3bf68272a3798b4e510a4aff5.js","gsw":"carouselsolution-controlstrings_fr-fr_14c4c0a3bf68272a3798b4e510a4aff5.js","br":"carouselsolution-controlstrings_fr-fr_14c4c0a3bf68272a3798b4e510a4aff5.js","tzm-Tfng":"carouselsolution-controlstrings_fr-fr_14c4c0a3bf68272a3798b4e510a4aff5.js","co":"carouselsolution-controlstrings_fr-fr_14c4c0a3bf68272a3798b4e510a4aff5.js","fr":"carouselsolution-controlstrings_fr-fr_14c4c0a3bf68272a3798b4e510a4aff5.js","ff":"carouselsolution-controlstrings_fr-fr_14c4c0a3bf68272a3798b4e510a4aff5.js","lb":"carouselsolution-controlstrings_fr-fr_14c4c0a3bf68272a3798b4e510a4aff5.js","mg":"carouselsolution-controlstrings_fr-fr_14c4c0a3bf68272a3798b4e510a4aff5.js","oc":"carouselsolution-controlstrings_fr-fr_14c4c0a3bf68272a3798b4e510a4aff5.js","zgh":"carouselsolution-controlstrings_fr-fr_14c4c0a3bf68272a3798b4e510a4aff5.js","wo":"carouselsolution-controlstrings_fr-fr_14c4c0a3bf68272a3798b4e510a4aff5.js","lt-LT":"carouselsolution-controlstrings_lt-lt_5257b69eac9e4e5db8738829aaf16d74.js","ja-JP":"carouselsolution-controlstrings_ja-jp_a04cf76005cf85eaac98378445f467c9.js","lv-LV":"carouselsolution-controlstrings_lv-lv_3fd3a1b292eadaed5cc61b80c848937c.js","nl-NL":"carouselsolution-controlstrings_nl-nl_3184187449ba1c39ede126e5b687db3d.js","nl":"carouselsolution-controlstrings_nl-nl_3184187449ba1c39ede126e5b687db3d.js","fy":"carouselsolution-controlstrings_nl-nl_3184187449ba1c39ede126e5b687db3d.js","nb-NO":"carouselsolution-controlstrings_nb-no_34e037a386dfeca33da95f594a622e07.js","no":"carouselsolution-controlstrings_nb-no_34e037a386dfeca33da95f594a622e07.js","nb":"carouselsolution-controlstrings_nb-no_34e037a386dfeca33da95f594a622e07.js","nn":"carouselsolution-controlstrings_nb-no_34e037a386dfeca33da95f594a622e07.js","smj-NO":"carouselsolution-controlstrings_nb-no_34e037a386dfeca33da95f594a622e07.js","smj-Latn-NO":"carouselsolution-controlstrings_nb-no_34e037a386dfeca33da95f594a622e07.js","se-NO":"carouselsolution-controlstrings_nb-no_34e037a386dfeca33da95f594a622e07.js","se-Latn-NO":"carouselsolution-controlstrings_nb-no_34e037a386dfeca33da95f594a622e07.js","sma-Latn":"carouselsolution-controlstrings_nb-no_34e037a386dfeca33da95f594a622e07.js","sma-NO":"carouselsolution-controlstrings_nb-no_34e037a386dfeca33da95f594a622e07.js","sr-Latn-RS":"carouselsolution-controlstrings_sr-latn-rs_1103271d75e8d077d6cc2b98975708b9.js","sr":"carouselsolution-controlstrings_sr-latn-rs_1103271d75e8d077d6cc2b98975708b9.js","pl-PL":"carouselsolution-controlstrings_pl-pl_d0055d37eff20ffeabe9938e4b808bd0.js","tr-TR":"carouselsolution-controlstrings_tr-tr_aaba90d9dc0d8ff9e4256512bea6932d.js","tr":"carouselsolution-controlstrings_tr-tr_aaba90d9dc0d8ff9e4256512bea6932d.js","vi-VN":"carouselsolution-controlstrings_vi-vn_b3252a807a9cfffb773227a5811f9c08.js","vi":"carouselsolution-controlstrings_vi-vn_b3252a807a9cfffb773227a5811f9c08.js","ru-RU":"carouselsolution-controlstrings_ru-ru_07a003ddec7e25aa15e9d31f647187b1.js","ru":"carouselsolution-controlstrings_ru-ru_07a003ddec7e25aa15e9d31f647187b1.js","ba":"carouselsolution-controlstrings_ru-ru_07a003ddec7e25aa15e9d31f647187b1.js","be":"carouselsolution-controlstrings_ru-ru_07a003ddec7e25aa15e9d31f647187b1.js","ky":"carouselsolution-controlstrings_ru-ru_07a003ddec7e25aa15e9d31f647187b1.js","mn":"carouselsolution-controlstrings_ru-ru_07a003ddec7e25aa15e9d31f647187b1.js","sah":"carouselsolution-controlstrings_ru-ru_07a003ddec7e25aa15e9d31f647187b1.js","tg":"carouselsolution-controlstrings_ru-ru_07a003ddec7e25aa15e9d31f647187b1.js","tt":"carouselsolution-controlstrings_ru-ru_07a003ddec7e25aa15e9d31f647187b1.js","tk":"carouselsolution-controlstrings_ru-ru_07a003ddec7e25aa15e9d31f647187b1.js","pt-PT":"carouselsolution-controlstrings_pt-pt_8013076ec280ba5871927db6550cceb6.js","pt":"carouselsolution-controlstrings_pt-pt_8013076ec280ba5871927db6550cceb6.js","sv-SE":"carouselsolution-controlstrings_sv-se_f50379b73e0c5f97cbad79c390783226.js","smj":"carouselsolution-controlstrings_sv-se_f50379b73e0c5f97cbad79c390783226.js","se":"carouselsolution-controlstrings_sv-se_f50379b73e0c5f97cbad79c390783226.js","sv":"carouselsolution-controlstrings_sv-se_f50379b73e0c5f97cbad79c390783226.js","sma-SE":"carouselsolution-controlstrings_sv-se_f50379b73e0c5f97cbad79c390783226.js","sma-Latn-SE":"carouselsolution-controlstrings_sv-se_f50379b73e0c5f97cbad79c390783226.js","ca-ES":"carouselsolution-controlstrings_ca-es_3a6b8bce582f27439a7ccd10216e3a41.js","el-GR":"carouselsolution-controlstrings_el-gr_a4d4294a5385fa7f628502201c71e9fe.js","el":"carouselsolution-controlstrings_el-gr_a4d4294a5385fa7f628502201c71e9fe.js","zh-CN":"carouselsolution-controlstrings_zh-cn_89616f440aedbee8e2049bcc3f7b7658.js","zh":"carouselsolution-controlstrings_zh-cn_89616f440aedbee8e2049bcc3f7b7658.js","mn-Mong":"carouselsolution-controlstrings_zh-cn_89616f440aedbee8e2049bcc3f7b7658.js","bo":"carouselsolution-controlstrings_zh-cn_89616f440aedbee8e2049bcc3f7b7658.js","ug":"carouselsolution-controlstrings_zh-cn_89616f440aedbee8e2049bcc3f7b7658.js","ii":"carouselsolution-controlstrings_zh-cn_89616f440aedbee8e2049bcc3f7b7658.js","zh-TW":"carouselsolution-controlstrings_zh-tw_0bbafa42bb08c83cd21ac49d02b44315.js","zh-HK":"carouselsolution-controlstrings_zh-tw_0bbafa42bb08c83cd21ac49d02b44315.js","zh-CHT":"carouselsolution-controlstrings_zh-tw_0bbafa42bb08c83cd21ac49d02b44315.js","zh-Hant":"carouselsolution-controlstrings_zh-tw_0bbafa42bb08c83cd21ac49d02b44315.js","zh-MO":"carouselsolution-controlstrings_zh-tw_0bbafa42bb08c83cd21ac49d02b44315.js","sk-SK":"carouselsolution-controlstrings_sk-sk_6f2307f29f2be5a75de14484eeda4e45.js","sk":"carouselsolution-controlstrings_sk-sk_6f2307f29f2be5a75de14484eeda4e45.js","ro-RO":"carouselsolution-controlstrings_ro-ro_2e8f31f8578d8a6e9c9d801992238b38.js","ro":"carouselsolution-controlstrings_ro-ro_2e8f31f8578d8a6e9c9d801992238b38.js"}},"CarouselWebpartWebPartStrings":{"defaultPath":"carouselsolution-carouselwebpartwebpartstrings_en-us_536e65149b0acf4d52c0043073b9fc59.js","type":"localizedPath","paths":{}},"@microsoft/sp-property-pane":{"type":"component","version":"1.11.0","id":"f9e737b7-f0df-4597-ba8c-3060f82380db"},"@microsoft/sp-lodash-subset":{"type":"component","version":"1.11.0","id":"73e1dc6c-8441-42cc-ad47-4bd3659f8a3a"},"@microsoft/sp-core-library":{"type":"component","version":"1.11.0","id":"7263c7d0-1d6a-45ec-8d85-d4d1d234171b"},"@microsoft/sp-page-context":{"type":"component","version":"1.11.0","id":"1c4541f7-5c31-41aa-9fa8-fbc9dc14c0a8"},"@microsoft/sp-webpart-base":{"type":"component","version":"1.11.0","id":"974a7777-0990-4136-8fa6-95d80114c2e0"},"react":{"type":"component","version":"16.8.5","id":"0d910c1c-13b9-4e1c-9aa4-b008c5e42d7d"},"react-dom":{"type":"component","version":"16.8.5","id":"aa0a46ec-1505-43cd-a44a-93f3a5aa460a"},"@microsoft/sp-http":{"type":"component","version":"1.11.0","id":"c07208f0-ea3b-4c1a-9965-ac1b825211a6"},"@microsoft/decorators":{"type":"component","version":"1.11.0","id":"f97266fb-ccb7-430e-9384-4124d05295d3"}}}}